{
  "id": 15514,
  "name": "星鹫赤羽",
  "affixTitle": "眸中的月珥",
  "star": 5,
  "desc": "饰以赤色翎羽的古老长弓，花羽会世代传承的圣物之一。",
  "attr": {
    "atk": {
      "1": 45.94,
      "20": 121.73,
      "40": 235.2,
      "50": 308.42,
      "60": 382.42999999999995,
      "70": 456.99,
      "80": 532.23,
      "90": 608.0699999999999,
      "20+": 152.83,
      "40+": 266.3,
      "50+": 339.62,
      "60+": 413.53,
      "70+": 488.09,
      "80+": 563.33
    },
    "bonusKey": "cdmg",
    "bonusData": {
      "1": 14.4,
      "20": 25.44,
      "40": 37.08,
      "50": 42.9,
      "60": 48.72,
      "70": 54.52,
      "80": 60.34,
      "90": 66.15,
      "20+": 25.44,
      "40+": 37.08,
      "50+": 42.9,
      "60+": 48.72,
      "70+": 54.52,
      "80+": 60.34
    }
  },
  "materials": {
    "weapon": "神合秘烟的启示",
    "monster": "迷光的蜷叶之心",
    "normal": "龙冠武士的金哨"
  },
  "affixData": {
    "text": "触发扩散反应后的12秒内，攻击力提高$[0]。此外，队伍中存在至少1/2名与装备者元素类型不同的角色时，装备者重击造成的伤害提高$[1]/$[2]，元素爆发造成的伤害提高$[3]/$[4]。",
    "datas": {
      "0": [
        "24%",
        "30%",
        "36%",
        "42%",
        "48%"
      ],
      "1": [
        "20%",
        "25%",
        "30%",
        "35%",
        "40%"
      ],
      "2": [
        "48%",
        "60%",
        "72%",
        "84%",
        "96%"
      ],
      "3": [
        "10%",
        "12.5%",
        "15%",
        "17.5%",
        "20%"
      ],
      "4": [
        "24%",
        "30%",
        "36%",
        "42%",
        "48%"
      ]
    }
  }
}